Name,Email,Phone,Niche
Dynamic Dentistry Of The Shoals,info@dynamicdentistryshoals.com,+1 256-320-2150,Medical Clinic
Dynamic Dentistry Of The Shoals,info@dynamicshoals.com,+1 256-320-2150,Medical Clinic
Singing River Dentistry - Muscle Shoals,support@weomedia.com,+1 256-712-3186,Medical Clinic
Singing River Dentistry - Muscle Shoals,info@weomedia.com,+1 256-712-3186,Medical Clinic
Connell Dentistry,keithconnelldmd@gmail.com,+1 256-383-5770,Medical Clinic
"Ryerson & Associates, DMD",drryerson@aol.com,+1 256-381-2100,Medical Clinic
Family Health Care Clinic,cakponwei@famhealthcare.org,+1 256-247-3154,Medical Clinic
Family Health Care Clinic,miaclark@familyhealthcareclinic.com,+1 256-247-3154,Medical Clinic
Family Health Care Clinic,joyg41@yahoo.com,+1 256-247-3154,Medical Clinic
Rogersville Family Care,randy@alhnet.org,+1 256-262-6060,Medical Clinic
Rogersville Family Care,amandac@alhnet.org,+1 256-262-6060,Medical Clinic
Rogersville Family Care,felicial@alhnet.org,+1 256-262-6060,Medical Clinic
Treehouse Children's Dentistry- Tuscumbia,erindavis@singingriverdentistry.net,+1 256-320-5778,Medical Clinic
Treehouse Children's Dentistry- Tuscumbia,srdon5th@singingriverdentistry.com,+1 256-320-5778,Medical Clinic
Hamilton Family Urgent Care,killenclinic@hamiltonfamilyurgentcare.com,+1 256-284-7706,Medical Clinic
Hamilton Family Urgent Care,businessoffice@hamiltonfamilyurgentcare.com,+1 256-284-7706,Medical Clinic
Killen Urgent Care,killenurgentcare@gmail.com,+1 256-272-5328,Medical Clinic
Express Care of the Shoals,talktous@expresscareshoals.com,+1 256-386-7774,Medical Clinic
Shoals Primary Care LLC,b.skipworth@yahoo.com,+1 256-383-4473,Medical Clinic
Shoals Primary Care LLC,ahaithcoat@gmail.com,+1 256-383-4473,Medical Clinic
Shoals Primary Care LLC,hxxxk@shoalsprimarycarellc.com,+1 256-383-4473,Medical Clinic
Medical Associates Of The Shoals PC,clair.whitlock@medshoals.com,+1 256-383-4447,Medical Clinic
Medical Associates Of The Shoals PC,danielle.mcdeavitt@medshoals.com,+1 256-383-4447,Medical Clinic
Medical Associates Of The Shoals PC,talktous@medshoals.com,+1 256-383-4447,Medical Clinic
Huntsville Hospital Urgent Care - Muscle Shoals,amy_thomas@chs.net,+1 256-826-1001,Medical Clinic
Huntsville Hospital Urgent Care - Muscle Shoals,joel.larru@yahoo.com,+1 256-826-1001,Medical Clinic
Huntsville Hospital Urgent Care - Muscle Shoals,tsdent@bellsouth.net,+1 256-826-1001,Medical Clinic
Shoals Family Clinic,team@latofonts.com,+1 256-678-8892,Medical Clinic
Shoals Family Clinic,info@shoalsfamilyclinic.com,+1 256-678-8892,Medical Clinic
Shoals Family Clinic,info@indiantypefoundry.com,+1 256-678-8892,Medical Clinic
Tennessee River Urgent Care,hello@rfuenzalida.com,+1 256-320-7365,Medical Clinic
Tennessee River Urgent Care,matt@pixelspread.com,+1 256-320-7365,Medical Clinic
Tennessee River Urgent Care,tennesseeriverurgentcare@gmail.com,+1 256-320-7365,Medical Clinic
North Alabama Primary Care,privacy.inquiries@lifepointhealth.net,+1 256-980-6203,Medical Clinic
North Alabama Primary Care,practice.interopapi@lpnt.net,+1 256-980-6203,Medical Clinic
North Alabama Primary Care,bholloway@shoalshospital.com,+1 256-980-6203,Medical Clinic
Tennessee Valley Pediatrics - Main Office -TVP,tnvalleypeds@pedstvp.com,+1 256-381-6963,Medical Clinic
Shoals Area CBOC,christine.brando@va.gov,+1 256-381-9055,Medical Clinic
Shoals Area CBOC,stan.crumpton@va.gov,+1 256-381-9055,Medical Clinic
Shoals Area CBOC,wayne.chiu@va.gov,+1 256-381-9055,Medical Clinic
Avalon Urgent Care,avalonmedicalcenter@gmail.com,+1 256-383-7007,Medical Clinic
Colbert County Health Department,darwinajohnson@adph.state.us.al,+1 256-383-1231,Medical Clinic
Colbert County Health Department,joe.lee@adph.state.al.us,+1 256-383-1231,Medical Clinic
Colbert County Health Department,linda.hines@adph.state.al.us,+1 256-383-1231,Medical Clinic
"Keller Ear, Nose and Throat",lt.oden@live.com,+1 256-381-6673,Medical Clinic
"Keller Ear, Nose and Throat",ehjtg136@aol.com,+1 256-381-6673,Medical Clinic
"Keller Ear, Nose and Throat",bkbroadfoot@gmail.com,+1 256-381-6673,Medical Clinic
True Family Healthcare,dalsup@lhcare.com,+1 256-383-6070,Medical Clinic
P4 Physical Therapy,donnie.smith@p4physicaltherapy.com,+1 256-826-5200,Medical Clinic
P4 Physical Therapy,jonesvalleyoffice@p4physicaltherapy.com,+1 256-826-5200,Medical Clinic
P4 Physical Therapy,roxanne.stmartin@p4physicaltherapy.com,+1 256-826-5200,Medical Clinic
Southern Infusion,southerninfusional@gmail.com,+1 256-627-3163,Medical Clinic
Shoals Hospital,shannon.barber@namccares.com,+1 256-768-8323,Medical Clinic
Shoals Hospital,complaint@jcaho.org,+1 256-768-8323,Medical Clinic
Shoals Hospital,lpnt.interopapi@lpnt.net,+1 256-768-8323,Medical Clinic
Oral & Facial Surgery Of The Shoals LLC - Sheffield,ofss@comcast.net,+1 256-383-1499,Medical Clinic
Central Park Dentistry Sheffield,cpdsheffield@gmail.com,+1 641-892-4898,Medical Clinic
Hickory Hills Dental Care,smile@hickoryhillsdentalcare.com,+1 256-766-8800,Medical Clinic
Hickory Hills Dental Care,montra@hickoryhillsdentalcare.com,+1 256-766-8800,Medical Clinic
Hickory Hills Dental Care,info@hickoryhillsdentalcare.com,+1 256-766-8800,Medical Clinic
Johnson and Mahan Dental Care,jmdentalcare@gmail.com,+1 256-766-3260,Medical Clinic
Johnson and Mahan Dental Care,johnsonmahanom@mb2dental.com,+1 256-766-3260,Medical Clinic
Emergency Dentist 24/7,tim@emergencydentalmn.com,+1 866-601-7601,Medical Clinic
Emergency Dentist 24/7,springs@emergencydental.com,+1 866-601-7601,Medical Clinic
Emergency Dentist 24/7,csantanni@yahoo.com,+1 866-601-7601,Medical Clinic
Signature Smile,info@marqueedental.com,+1 256-767-6453,Medical Clinic
Signature Smile,florencemgr@marqueedental.com,+1 256-767-6453,Medical Clinic
"Aspen Dental - Florence, AL",jed.vess@dentalwhale.com,+1 256-712-3500,Medical Clinic
"Aspen Dental - Florence, AL",cmullett@aspendental.com,+1 256-712-3500,Medical Clinic
"Aspen Dental - Florence, AL",karen.tarzon@uscellular.com,+1 256-712-3500,Medical Clinic
Griffin Family Dentistry,griffindental@att.net,+1 256-764-4533,Medical Clinic
Griffin Family Dentistry,john@drrygriffin.com,+1 256-764-4533,Medical Clinic
Renaissance Dental,eroden35@gmail.com,+1 256-764-1062,Medical Clinic
Cypress Creek Dental - Dr. Whitney Flippo,shabbir@cypresscreeksmiles.com,+1 256-766-2606,Medical Clinic
Cypress Creek Dental - Dr. Whitney Flippo,luzak700@gmail.com,+1 256-766-2606,Medical Clinic
Cypress Creek Dental - Dr. Whitney Flippo,pcboybk6903@go.com,+1 256-766-2606,Medical Clinic
Coker Cosmetic & Family Dentistry,cokerdentistry@gmail.com,+1 256-767-7600,Medical Clinic
"Russ Dentistry, LLC",russdentistry@gmail.com,+1 256-764-6677,Medical Clinic
Sexton Dental Clinic Inc.,dirtytj2004@yahoo.com,+1 843-662-2543,Medical Clinic
Sexton Dental Clinic Inc.,jason@sextondental.net,+1 843-662-2543,Medical Clinic
Sexton Dental Clinic Inc.,ebenn@sextondental.net,+1 843-662-2543,Medical Clinic
Smith & Smith Endodontics,info@carefund.com,+1 256-767-1882,Medical Clinic
Smith & Smith Endodontics,info@smithandsmithendodontics.com,+1 256-767-1882,Medical Clinic
Wear Smiles- Dr. Josh Wear DMD and Dr. Ken Hibbett DMD,contact@wearsmilesdental.com,+1 256-766-4236,Medical Clinic
Morris D Lee MD,hpyatt@florenceoms.com,+1 256-712-5096,Medical Clinic
Morris D Lee MD,hjohnso@florenceoms.com,+1 256-712-5096,Medical Clinic
Morris D Lee MD,acampbe@florenceoms.com,+1 256-712-5096,Medical Clinic
Shoals Orthodontics,ruiters@accesscomm.ca,+1 256-767-0809,Medical Clinic
Shoals Orthodontics,info@shoalsorthodontics.com,+1 256-767-0809,Medical Clinic
"Merritt, David H Dr",f.peterman@pediatricdentalclinic.com,+1 256-766-0270,Medical Clinic
"Merritt, David H Dr",t.cottles@pediatricdentalclinic.com,+1 256-766-0270,Medical Clinic
"Merritt, David H Dr",thepediatricdentalclinic@gmail.com,+1 256-766-0270,Medical Clinic
"Wilbanks Dental - Matthew N. Wilbanks, D.M.D., P.C.",matt@wilbanksdental.com,+1 256-764-5761,Medical Clinic
Sheffield (Florence) VA Outpatient Clinic,asakom@u.washington.edu,+1 256-381-9055,Medical Clinic
Sheffield (Florence) VA Outpatient Clinic,bhargp@u.washington.edu,+1 256-381-9055,Medical Clinic
Sheffield (Florence) VA Outpatient Clinic,ROSA.MEADORS@VA.GOV,+1 256-381-9055,Medical Clinic
Public Health Area 1,dale.mcqurter@adph.state.al.us,+1 256-383-1231,Medical Clinic
Public Health Area 1,jbollinger@adph.state.al.us,+1 256-383-1231,Medical Clinic
Public Health Area 1,karen.supek-ferris@adph.state.al.us,+1 256-383-1231,Medical Clinic
"Surgical Associates of the Shoals, PC",surgicalassociatesoftheshoals@gmail.com,+1 256-386-1125,Medical Clinic
Rheumatology Associates-N Al,ajaleel@rana-hsv.org,+1 256-767-6263,Medical Clinic
Rheumatology Associates-N Al,hsvoffice@rana-hsv.org,+1 256-767-6263,Medical Clinic
Rheumatology Associates-N Al,florenceoffice@rana-hsv.org,+1 256-767-6263,Medical Clinic
Dr. Charles Thompson,john@denteldoc.com,+1 256-288-3333,Medical Clinic
Dr. Charles Thompson,info@weence.com,+1 256-288-3333,Medical Clinic
Dr. Charles Thompson,pets2266@yahoo.com,+1 256-288-3333,Medical Clinic
"Shoals Urological Associates, PC",michael.yordy@shoalschamber.com,+1 256-381-5510,Medical Clinic
"Shoals Urological Associates, PC",myordy@shoalschamber.com,+1 256-381-5510,Medical Clinic
"Shoals Urological Associates, PC",ckeeton@shoalschamber.com,+1 256-381-5510,Medical Clinic
"Healogics, LLC",steve.alexandre@yahoo.com,+1 256-386-9961,Medical Clinic
"Healogics, LLC",salexandre@gopco.com,+1 256-386-9961,Medical Clinic
Parker Family Medicine and Metabolic Health,info@parkermedicalweightloss.com,+1 256-386-0808,Medical Clinic
"North Alabama Bone and Joint Clinic, PC",shelder.md@gmail.com,+1 256-900-8552,Medical Clinic
"North Alabama Bone and Joint Clinic, PC",mgallien@nabjc.com,+1 256-900-8552,Medical Clinic
"North Alabama Bone and Joint Clinic, PC",mal18@ibm.net,+1 256-900-8552,Medical Clinic
"Genesis Medical Detox of the Shoals — Muscle Shoals, Alabama",info@genesisdetoxatpulaski.com,+1 844-895-0537,Medical Clinic
"Genesis Medical Detox of the Shoals — Muscle Shoals, Alabama",info@genesismedicaldetox.com,+1 844-895-0537,Medical Clinic
Shoals Medical Massage Therapy,Cfitzg6505@aol.Com,+1 256-200-9431,Medical Clinic
Shoals Medical Massage Therapy,Gjc3839@aol.Com,+1 256-200-9431,Medical Clinic
Shoals Medical Massage Therapy,Studwld@aol.Com,+1 256-200-9431,Medical Clinic
Integrated Behavioral Health,qrbridgette.clemmons96@yahoo.com,+1 256-320-7475,Medical Clinic
Integrated Behavioral Health,ahanback@ibhus.com,+1 256-320-7475,Medical Clinic
Integrated Behavioral Health,dboley@ibhus.com,+1 256-320-7475,Medical Clinic
Quad Cities Pediatrics,regina@quadcitiespeds.com,+1 256-826-1800,Medical Clinic
North Alabama Medical Center,macarton@namccares.com,+1 256-629-1000,Medical Clinic
North Alabama Medical Center,gilbert.humbert@namccares.com,+1 256-629-1000,Medical Clinic
North Alabama Medical Center,alisa.robinson@namccares.com,+1 256-629-1000,Medical Clinic
Heart Health Center,mcampob@hearthealthcenterpc.com,+1 256-766-8570,Medical Clinic
Heart Health Center,atoh@hearthealthcenterpc.com,+1 256-766-8570,Medical Clinic
Heart Health Center,mberlin@hearthealthcenterpc.com,+1 256-766-8570,Medical Clinic
Med Plus,feedback@medplus-florence.com,+1 256-767-2702,Medical Clinic
Wellness Walk-in Clinic,wellnesswalkin@gmail.com,+1 256-275-3724,Medical Clinic
Medical Associates Urgent Care,tholland@medshoals.com,+1 256-415-4005,Medical Clinic
Medical Associates Urgent Care,tara.campbell@medshoals.com,+1 256-415-4005,Medical Clinic
SINGING RIVER HEALTHCARE,info@singingriverhc.com,+1 256-767-1779,Medical Clinic
SINGING RIVER HEALTHCARE,david@singingriverhc.com,+1 256-767-1779,Medical Clinic
SINGING RIVER HEALTHCARE,chrisy@singingriverhc.com,+1 256-767-1779,Medical Clinic
Florence Medical Associates,john@florencemedicalassociates.com,+1 256-760-4544,Medical Clinic
Express Med,john@expressmedonline.com,+1 256-760-1655,Medical Clinic
Express Med,contact@expressmedonline.com,+1 256-760-1655,Medical Clinic
Express Med,es.newton@expressmedonline.com,+1 256-760-1655,Medical Clinic
Bowling Family Medical Clinic,bowlingfamilymedical@gmail.com,+1 256-585-6234,Medical Clinic
Bowling Family Medical Clinic,kbowlingcrnp@gmail.com,+1 256-585-6234,Medical Clinic
North Alabama Animal Hospital + Pet Resort,t.youngblood@northalabamavet.com,+1 256-383-2626,Medical Clinic
North Alabama Animal Hospital + Pet Resort,naah406@bellsouth.net,+1 256-383-2626,Medical Clinic
Dental Associates of Rogersville,frontdesk@dentalassociatesna.com,+1 256-247-1000,Medical Clinic
Dental Associates of Rogersville,hello@clerri.com,+1 256-247-1000,Medical Clinic
Dental Associates of Rogersville,rogers@dentalassociatesna.com,+1 256-247-1000,Medical Clinic
Pediatric Dentistry of Florence,info@pediatricdentistryofflorence.com,+1 256-766-0270,Medical Clinic
Lane Periodontics & Implants,info@laneperio.com,+1 256-760-8000,Medical Clinic
Greenhill Family Dentistry,info@greenhillfamilydentistry.com,+1 256-757-5850,Medical Clinic
Florence Ophthalmology,mkevingray@yahoo.com,+1 256-760-1771,Medical Clinic
Florence Ophthalmology,pkeiththompson@yahoo.com,+1 256-760-1771,Medical Clinic
Florence Ophthalmology,office@florenceophthalmology.com,+1 256-760-1771,Medical Clinic
Renaissance Eye Care,office@renaissanceeyecare.com,+1 256-767-5000,Medical Clinic
Shoals Pediatric Group,shoalspediatricgroup@gmail.com,+1 256-766-3983,Medical Clinic
Guardian Insurance Group,info@guardiangroupins.com,+1 256-994-3339,Medical Clinic
Fisher Animal Hospital,fisherah121@gmail.com,+1 256-766-0343,Medical Clinic
Alabama Health Guidance- Medicare Insurance Specialists,purenergy100@yahoo.com,+1 256-648-5710,Medical Clinic
Alabama Health Guidance- Medicare Insurance Specialists,karen5005@msn.com,+1 256-648-5710,Medical Clinic
Alabama Health Guidance- Medicare Insurance Specialists,info@themedicareladies.com,+1 256-648-5710,Medical Clinic
"Rogersville Dental Center, Dr. Brent Cornette, DMD",rogersvilledental@gmail.com,+1 423-272-5353,Medical Clinic
"Dr. Mark E. Love, DMD",srdmuscleshoals@singingriverdentistry.net,+1 256-332-6888,Medical Clinic
"Dr. Mark E. Love, DMD",athens@singingriverdentistry.net,+1 256-332-6888,Medical Clinic
Hudson Orthodontics,orthorus@aol.com,+1 256-383-8736,Medical Clinic
Hudson Orthodontics,connie@bracesbyhudson.com,+1 256-383-8736,Medical Clinic
Alabama MRI,swilde@splinternetmarketing.com,+1 256-386-4571,Dialysis Center
Alabama MRI,rventura@splinternetmarketing.com,+1 256-386-4571,Dialysis Center
Alabama MRI,rklapper@splinternetmarketing.com,+1 256-386-4571,Dialysis Center
Imperial Imaging Technology: Northwest Alabama Regional Office,aaron@imperialimaging.net,+1 256-766-5562,Dialysis Center
Stork's Secret,kelli@storkssecret.com,+1 256-415-6876,Dialysis Center
Stork's Secret,copyright@x.com,+1 256-415-6876,Dialysis Center
Outpatient Diagnostic Center,odcal@oiarad.com,+1 256-534-5600,Dialysis Center
Outpatient Diagnostic Center,cmiles@oiarad.com,+1 256-534-5600,Dialysis Center
CereScan,john.kelley@mcdata.com,+1 866-722-4806,Dialysis Center
CereScan,steve.warnecke@evolgen.net,+1 866-722-4806,Dialysis Center
CereScan,radams@cerescan.com,+1 866-722-4806,Dialysis Center
DaVita Sheffield Dialysis,bkogan@devita.com,+1 833-355-2617,Dialysis Center
DaVita Sheffield Dialysis,lladoe@devita.com,+1 833-355-2617,Dialysis Center
DaVita Sheffield Dialysis,VMEYER@DAVITA.COM,+1 833-355-2617,Dialysis Center
"Dialysis Clinic, Inc.",wesleyheidelberg@gmail.com,+1 256-974-1400,Dialysis Center
"Dialysis Clinic, Inc.",dididavis28@yahoo.com,+1 256-974-1400,Dialysis Center
"Dialysis Clinic, Inc.",LARRY.BRAUER@DCIINC.ORG,+1 256-974-1400,Dialysis Center
FRESENIUS KIDNEY CARE DECATUR,privacy@fmc-na.com,+1 800-881-5101,Dialysis Center
FRESENIUS KIDNEY CARE DECATUR,accessibility@fmc-na.com,+1 800-881-5101,Dialysis Center
FRESENIUS KIDNEY CARE DECATUR,copyright@fmc-na.com,+1 800-881-5101,Dialysis Center
Quest Diagnostics,info@packhealth.com,+1 256-904-1500,Dialysis Center
Quest Diagnostics,info@questdiagnostics.com,+1 256-904-1500,Dialysis Center
Quest Diagnostics,support@questdiagnostics.com,+1 256-904-1500,Dialysis Center
Clearview Cancer Institute,barbarag@ccihsv.com,+1 256-760-0422,Dialysis Center
Clearview Cancer Institute,terri@ccihsv.com,+1 256-760-0422,Dialysis Center
Clearview Cancer Institute,jamielkoch@gmail.com,+1 256-760-0422,Dialysis Center
Lauderdale Radiology Group,contact@lauderdaleradiology.com,+1 256-768-8168,Dialysis Center
Quest Diagnostics Florence Blvd,Pearsona@questdiagnostics.Com,+1 256-740-0900,Dialysis Center
Quest Diagnostics Florence Blvd,Reinbold-cartermda@questdiagnostics.Com,+1 256-740-0900,Dialysis Center
Quest Diagnostics Florence Blvd,Levinea@questdiagnostics.Com,+1 256-740-0900,Dialysis Center
McLeod Medical Plaza Radiology & Diagnostic Services,lady_of_spain@yahoo.com,+1 843-777-2095,Dialysis Center
McLeod Medical Plaza Radiology & Diagnostic Services,lady_of_spain@cs.com,+1 843-777-2095,Dialysis Center
McLeod Medical Plaza Radiology & Diagnostic Services,gwendelyn.elliott@grandstrandmed.com,+1 843-777-2095,Dialysis Center
Alliance Cancer Care Radiation Oncology,jtatum@alliancehealthcareservices-us.com,+1 256-760-1150,Dialysis Center
Alliance Cancer Care Radiation Oncology,john@alliancecancercare.com,+1 256-760-1150,Dialysis Center
Shoals Kidney & Hypertension Center,shoalskidney@comcast.net,+1 256-766-1401,Dialysis Center
Shoals Kidney & Hypertension Center,info@shoalskidneycenter.com,+1 256-766-1401,Dialysis Center
Killen Church of Christ,kchurchofchrist@bellsouth.net,+1 256-757-2918,Church
Killen Methodist Church,shaelindsey@killengmc.com,+1 256-757-2148,Church
Killen Methodist Church,joshclayton@killengmc.com,+1 256-757-2148,Church
Killen Methodist Church,killenmethodist@gmail.com,+1 256-757-2148,Church
First Baptist Killen,davidmckelvey@firstbaptistkillen.org,+1 256-757-5334,Church
First Baptist Killen,david@firstbaptistkillen.org,+1 256-757-5334,Church
First Baptist Killen,phillip@firstbaptistkillen.org,+1 256-757-5334,Church
Pleasant Valley Church of Christ,pvcofc@gmail.com,+1 256-757-5550,Church
First Baptist Church Center Star,info@fbccs.net,+1 256-757-1310,Church
Atlas Church of Christ,miles@atlaschurchofchrist.com,+1 256-757-2972,Church
Atlas Church of Christ,rhonda@atlaschurchofchrist.com,+1 256-757-2972,Church
Center Star Church of Christ,centerstarcoc@gmail.com,,Church
Friendship Baptist Church,dewayne@cypressrealty.net,+1 256-757-1373,Church
Greenhill UPC,greenhillupc@gmail.com,,Church
Lauderdale Christian Nursing,jfreed@lcnh.org,+1 256-757-2103,Church
Lauderdale Christian Nursing,gritter@lcnh.org,+1 256-757-2103,Church
Lauderdale Christian Nursing,pmalino@lcnh.org,+1 256-757-2103,Church
Milners Chapel,milnerschapel@gmail.com,,Church
Church of the Highlands,faith.varona@highlandsministries.com,+1 205-980-5577,Church
Church of the Highlands,ray.martin@highlandsministries.com,+1 205-980-5577,Church
Church of the Highlands,ian.baranski@highlandsministries.com,+1 205-980-5577,Church
Florence First Assembly Of God,pat@florence1st.com,+1 256-764-0565,Church
Florence First Assembly Of God,matthew@florence1st.com,+1 256-764-0565,Church
Calvary Baptist Church,neil@discovercalvary.com,+1 256-332-2804,Church
Russellville First Baptist Church,chase@rfbclife.com,+1 256-332-2065,Church
Good Shepherd Catholic Parish,denis.meier@goodshepherdinc.com,+1 256-332-4861,Church
Russellville Church of Christ,info@russellvillechurchofchrist.com,+1 256-668-8005,Church
Cedars Church,cedarschurchal@gmail.com,,Church
Cedars Church,ithall14@gmail.com,,Church
Russellville First Methodist Church,secretary@russellvillemethodist.org,+1 256-332-2955,Church
The Church of Jesus Christ of Latter-day Saints,stretchsuba@hotmail.com,+1 731-434-2796,Church
The Church of Jesus Christ of Latter-day Saints,info@bautistamaranatha.org,+1 731-434-2796,Church
The Church of Jesus Christ of Latter-day Saints,urdanetastake@comm.churchofjesuschrist.org,+1 731-434-2796,Church
North Highlands Church of Christ,cadepressnell@yahoo.com,+1 256-332-3315,Church
North Highlands Church of Christ,dclement@rutility.com,+1 256-332-3315,Church
North Highlands Church of Christ,mspillers70@gmail.com,+1 256-332-3315,Church
Eastside Church of Christ,eastsidechurch243@gmail.com,+1 256-436-5567,Church
Southside Baptist Church,support@ssbcrussellville.com,+1 256-332-4326,Church
Tharptown Baptist Church,edward@tharptown.com,+1 256-332-0063,Church
Tharptown Baptist Church,gregory@tharptown.com,+1 256-332-0063,Church
Tharptown Baptist Church,scott@tharptown.com,+1 256-332-0063,Church
First Free Will Baptist Church,john@ffwbcrussellville.com,+1 256-398-8810,Church
First Free Will Baptist Church,dvanwashington@yahoo.com,+1 256-398-8810,Church
Arbol De Vida,iglesia@arboldevida.org,+1 256-324-8934,Church
Rogersville Church of Christ,abayes@rogersvillecoc.org,+1 256-247-3422,Church
Rogersville Church of Christ,amont@rogersvillecoc.org,+1 256-247-3422,Church
Rogersville Church of Christ,ngilb@rogersvillecoc.org,+1 256-247-3422,Church
First Baptist Church Rogersville,info@fbcrogersville.com,+1 256-247-5351,Church
First Baptist Church Rogersville,dakeyesguys@bellsouth.net,+1 256-247-5351,Church
First Baptist Church Rogersville,djduke@juno.com,+1 256-247-5351,Church
Rogersville United Methodist,c.worley@rogersvilleumc.org,+1 256-247-3307,Church
Rogersville United Methodist,children@rogersvilleumc.org,+1 256-247-3307,Church
Rogersville United Methodist,hisservant@rogersvilleumc.org,+1 256-247-3307,Church
Crossroads Baptist Church,crossroadsbcelginal@gmail.com,+1 256-406-9744,Church
Rogersville Baptist Church,contact@rogersvillebaptistchurch.org,+1 256-607-3113,Church
Oliver Church of Christ,oliverchurch80@gmail.com,+1 256-607-3080,Church
Church of God Sabbath Assembly,samuel@sabbathlunchhour.com,+1 256-559-4442,Church
Elgin Missionary Baptist Church,family@elginmbc.org,+1 256-633-2255,Church
Lifesong Church,socialmedia.lifesong@gmail.com,+1 256-248-4814,Church
First Missionary Baptist Church Sheffield,fbgod@comcast.net,+1 256-383-9442,Church
Shoals Church of the Way,pastor@shoalschurchoftheway.com,+1 256-389-3850,Church
Sheffield Methodist Church,mizliz@sheffieldfumc.com,+1 256-383-2124,Church
Sheffield Methodist Church,shane_baker@mac.com,+1 256-383-2124,Church
Sheffield Methodist Church,andrewleemills@gmail.com,+1 256-383-2124,Church
Launch Point Church,info@launchpointchurch.com,+1 256-335-1193,Church
Launch Point Church,mikenoles@launchpointchurch.com,+1 256-335-1193,Church
Faith Church - Shoals,dholley@igotofaith.com,+1 256-767-4124,Church
Faith Church - Shoals,fcoffice@igotofaith.com,+1 256-767-4124,Church
Our Lady of the Shoals Catholic Church,d.forsythe@bhmdiocese.org,+1 256-383-7207,Church
Our Lady of the Shoals Catholic Church,d.forsythe@ourladyoftheshoals.org,+1 256-383-7207,Church
Our Lady of the Shoals Catholic Church,wdclawson@yahoo.com,+1 256-383-7207,Church
Tuscumbia Church of Christ,jonvandegrift@yahoo.com,+1 256-381-0651,Church
Tuscumbia Church of Christ,j.abrams@tuscumbiachurchofchrist.org,+1 256-381-0651,Church
Tuscumbia Church of Christ,office@tuscumbiachurchofchrist.com,+1 256-381-0651,Church
Calvary Baptist Church,john@calvarybaptisttuscumbia.com,+1 256-383-1853,Church
Valley Grove Baptist Church,amy.kimbrough@valleygrove.com,+1 256-381-1662,Church
Tuscumbia First Methodist Church (A Global Methodist Congregation),office@tuscumbiafmc.org,+1 256-383-2853,Church
Parkview Baptist Church,jim.cummings@parkviewfamily.org,+1 256-383-5022,Church
Parkview Baptist Church,info@parkviewfamily.org,+1 256-383-5022,Church
Parkview Baptist Church,natalie@parkviewfamily.org,+1 256-383-5022,Church
First Missionary Baptist Church,davisshawjr@gmail.com,+1 256-383-8818,Church
First Presbyterian Church,tuscumbiapres@gmail.com,+1 256-383-2412,Church
Westside Baptist Church,wbctuscumbia@gmail.com,+1 256-383-4702,Church
First Baptist Church,sbuergey@firstbaptistsf.org,+1 256-383-1515,Church
First Baptist Church,dlombard-sims@firstbaptistsf.org,+1 256-383-1515,Church
First Baptist Church,cmusser@firstbaptistsf.org,+1 256-383-1515,Church
First Baptist Church Colbert Heights,m.sams@firstcolbertheights.com,+1 256-383-8016,Church
First Baptist Church Colbert Heights,msams@firstcolbertheights.com,+1 256-383-8016,Church
First Baptist Church Colbert Heights,s.hood@firstcolbertheights.com,+1 256-383-8016,Church
Colbert Heights Church-Christ,jtwalker1229@gmail.com,+1 256-381-4540,Church
South Highland Church,southhighlandchurch@gmail.com,+1 256-381-1817,Church
Grace Life Church of the Shoals,smcalister@gracelifeshoals.org,+1 256-381-7495,Church
Living Word Community,eben@eyebytes.com,+1 256-320-7679,Church
Valdosta Church of Christ,valdostachurchofchrist@gmail.com,+1 256-381-0331,Church
Tuscumbia Church,tuscumbiachurch@gmail.com,,Church
Highland Park Church of Christ,hpchurchoffice@gmail.com,+1 256-381-8311,Church
Highland Park Church of Christ,0um71473qde79gfutsnjfa8al0@group.calendar.google.com,+1 256-381-8311,Church
Kingdom Hall of Jehovah's Witnesses--Sheffield & Tuscumbia,djuneak@juno.com,+1 256-386-7093,Church
Kingdom Hall of Jehovah's Witnesses--Sheffield & Tuscumbia,tlq2@juno.com,+1 256-386-7093,Church
Kingdom Hall of Jehovah's Witnesses--Sheffield & Tuscumbia,kaygee1012@yahoo.com,+1 256-386-7093,Church
Ekklesia Missionary Baptist,info@iamekklesia.org,+1 256-314-1700,Church
First Southern Baptist Church,jerry@strongholdsministry.com,+1 256-383-3081,Church
First Southern Baptist Church,jerryreajn330@gmail.com,+1 256-383-3081,Church
Woodward Avenue Baptist Church,will@woodwardavenuebaptist.org,+1 256-383-4078,Church
Woodward Avenue Baptist Church,c.hagle@woodwardavenuebaptist.org,+1 256-383-4078,Church
Woodward Avenue Baptist Church,info@woodwardavenuebaptist.org,+1 256-383-4078,Church
Muscle Shoals Church of God,muscleshoalschurchofgod@mail.com,+1 256-383-7914,Church
Spring Valley Baptist Church,nashj@mlhs.org,+1 256-381-2068,Church
Spring Valley Baptist Church,johnnynantz@yahoo.com,+1 256-381-2068,Church
Florence Boulevard Church of Christ,c.kemp@florenceblvd.org,+1 256-766-3617,Church
Florence Boulevard Church of Christ,broome@florenceblvd.org,+1 256-766-3617,Church
Ransomed Community Church,ben@ransomedcommunitychurch.com,,Church
Ransomed Community Church,admin@ransomedcommunitychurch.com,,Church
Ransomed Community Church,justin@ransomedcommunitychurch.com,,Church
The Well Church Florence,britton@churchattheoaks.com,+1 256-207-8077,Church
The Well Church Florence,christian@wellchurchnetwork.com,+1 256-207-8077,Church
The Well Church Florence,allen@wellchurchnetwork.com,+1 256-207-8077,Church
Florence First United Methodist,ed@fumcflorence.org,+1 256-764-5072,Church
Florence First United Methodist,fumcflo@fumcflorence.org,+1 256-764-5072,Church
Florence First United Methodist,kay@fumcflorence.org,+1 256-764-5072,Church
Grace House,gracehouseflorenceal@gmail.com,+1 256-246-8070,Church
Christ Chapel,info@wearechapel.com,+1 256-767-1080,Church
Christ Chapel,hello@wearechapel.org,+1 256-767-1080,Church
Christ Chapel,info@wearechapel.org,+1 256-767-1080,Church
Father's House,thefathershouseflorence@gmail.com,+1 256-766-0404,Church
Lee Heights Baptist Church,info@leeheights.org,+1 256-766-5421,Church
FIRST BAPTIST CHURCH,dmcgee@fbcflorence.com,+1 256-764-4921,Church
FIRST BAPTIST CHURCH,fbcflo@fbcflorence.com,+1 256-764-4921,Church
Church of the Good Shepherd,office@gslcflorence.com,+1 256-766-6952,Church
Woodmont Baptist Church,lilc@woodmontbaptist.com,+1 256-766-1255,Church
Woodmont Baptist Church,nburbank1@comcast.net,+1 256-766-1255,Church
Woodmont Baptist Church,bdaugherty@woodmontbaptist.org,+1 256-766-1255,Church
First Christian Church,c.gebhardt@firstchristianflorence.org,+1 256-764-2192,Church
First Christian Church,firstchristianc1@bellsouth.net,+1 256-764-2192,Church
First Christian Church,firstchristianflorence@outlook.com,+1 256-764-2192,Church
First Presbyterian Church,churchoffice1818@bellsouth.net,+1 256-764-2081,Church
First Presbyterian Church,r.gillespie@firstpresflorence.org,+1 256-764-2081,Church
First Presbyterian Church,office@fpcflorence.org,+1 256-764-2081,Church
St. Joseph Catholic Church,frjoseph@stjosephflorence.org,+1 256-764-3303,Church
Woodlawn Church of Christ,shoalscreekbiblestudies@gmail.com,+1 256-767-3170,Church
Woodlawn Church of Christ,woodlawncofc@gmail.com,+1 256-767-3170,Church
Magnolia Church of Christ,jrbgriffin@gmail.com,+1 256-767-6776,Church
Magnolia Church of Christ,engineering@monkdevelopment.com,+1 256-767-6776,Church
Magnolia Church of Christ,office@magnoliashoals.church,+1 256-767-6776,Church
Wood Avenue Church of Christ,brian@woodavenue.com,+1 256-764-9642,Church
Wood Avenue Church of Christ,mstutts@woodavenue.com,+1 256-764-9642,Church
Jackson Heights Church of Christ,jarrett@jhcc.org,+1 256-764-6291,Church
Jackson Heights Church of Christ,p69t5li5s4pc3724vhu69gqfjg@group.calendar.google.com,+1 256-764-6291,Church
Jackson Heights Church of Christ,office@jhcc.org,+1 256-764-6291,Church
Highland Baptist Church,jaugustson@highlandchurch.net,+1 256-764-1392,Church
Highland Baptist Church,beth@highlandchurch.net,+1 256-764-1392,Church
Highland Baptist Church,dsteckler@highland-bc.org,+1 256-764-1392,Church
Grace Bible Church,k.pope@gbcshoals.com,+1 256-760-9700,Church
Grace Bible Church,gbc@gbcshoals.com,+1 256-760-9700,Church
Grace Bible Church,information@gbcshoals.com,+1 256-760-9700,Church
Our Redeemer Lutheran Church,support@webador.com,+1 256-764-3902,Church
Our Redeemer Lutheran Church,info@our-redeemer-lutheran-church.com,+1 256-764-3902,Church
Cross Point Church of Christ,sara@crosspointcoc.org,+1 256-764-4073,Church
Cross Point Church of Christ,ashley@crosspointcoc.org,+1 256-764-4073,Church
Cross Point Church of Christ,chase@crosspointcoc.org,+1 256-764-4073,Church
Pentecostals of Florence,gdaniel9@icloud.com,,Church
Cornerstone Church Of Christ,info@cornerstoneflorence.org,+1 256-764-0803,Church
Victory Christian Fellowship Church,support@victoryyes.org,+1 256-767-1749,Church
Shiloh Church of Christ,shiloh2605@gmail.com,+1 256-757-2456,Church
Salem Church of Christ,salemcoc@aol.com,+1 256-764-9339,Church
Stony Point church of Christ,stonypointchurchofchrist@comcast.net,+1 256-764-8856,Church
Eastwood Church of Christ,info@eastwoodcoc.org,+1 256-766-4514,Church
Sherrod Avenue Church of Christ,0249d837-a78c-e7f2-63d8932a21e4d224@sherrodavenue.org,+1 256-764-3253,Church
Sherrod Avenue Church of Christ,024c7b61-f843-b21b-737ff80be66cb161@sherrodavenue.org,+1 256-764-3253,Church
Mt Moriah PB Church,mtmoriahflorence@gmail.com,+1 256-764-0701,Church
St Mark Baptist Church,stmark2771@yahoo.com,+1 256-766-2771,Church
St Mark Baptist Church,bishopdrwillboyd@gmail.com,+1 256-766-2771,Church
Chisholm Hills Church-Christ,c.abernathy@chisholmhillschurch.com,+1 256-764-0104,Church
Chisholm Hills Church-Christ,chisholmhills@gmail.com,+1 256-764-0104,Church
First Free Will Baptist Church,bromike45@gmail.com,+1 256-764-3591,Church
First Free Will Baptist Church,servers@cloversites.com,+1 256-764-3591,Church
Eastside Church of Christ,j.gray@eastsidecofc.net,+1 256-766-2803,Church
Eastside Church of Christ,jgray@eastside-church.org,+1 256-766-2803,Church
Trinity Episcopal Church,sheilashelton@trinityflorence.org,+1 256-764-6149,Church
Trinity Episcopal Church,episcopal.una@gmail.com,+1 256-764-6149,Church
Trinity Episcopal Church,catschiesz@aol.com,+1 256-764-6149,Church
Redemption Shoals,info@redemptionshoals.com,+1 256-383-0394,Church
Redemption Shoals,ipruitt@redemptionshoals.com,+1 256-383-0394,Church
Redemption Shoals,jwood@redemptionshoals.com,+1 256-383-0394,Church
Muscle Shoals Church of Sound,mshoalscos2021@gmail.com,+1 256-688-7502,Church
Jerusalén Spanish SDA,jerusalensonido7@gmail.com,,Church
Jerusalén Spanish SDA,dmca@adventistconnect.org,,Church
Redemption Ministries,info@redemptionministry.org,+1 256-248-0017,Church
Cox Boulevard Church of Christ,l.kilpatrick@coxblvd.org,+1 256-383-1618,Church
Cox Boulevard Church of Christ,coxb.calendar@gmail.com,+1 256-383-1618,Church
Cox Boulevard Church of Christ,secretary@coxblvd.org,+1 256-383-1618,Church
